batch_size,phase,mean_s,std_s,num_samples
8,step,0.151359,0.003046,5684
8,forward,0.043487,0.002001,5684
8,backward,0.088346,0.001008,5684
8,optimizer,0.019191,0.000514,5684
