batch_size,phase,mean_s,std_s,num_samples
8,step,0.149675,0.001217,1196
8,forward,0.043444,0.000585,1196
8,backward,0.086608,0.000834,1196
8,optimizer,0.019172,0.000113,1196
