batch_size,phase,mean_s,std_s,num_samples
16,step,0.281462,0.002008,637
16,forward,0.088122,0.000757,637
16,backward,0.173681,0.001481,637
16,optimizer,0.019157,0.000110,637
