batch_size,phase,mean_s,std_s,num_samples
16,step,0.281857,0.001257,1053
16,forward,0.088729,0.000934,1053
16,backward,0.173482,0.000885,1053
16,optimizer,0.019155,0.000105,1053
