batch_size,phase,mean_s,std_s,num_samples
32,step,0.552620,0.005960,1590
32,forward,0.182192,0.003630,1590
32,backward,0.350820,0.002693,1590
32,optimizer,0.019218,0.000958,1590
