batch_size,phase,mean_s,std_s,num_samples
32,step,0.551511,0.007326,326
32,forward,0.181807,0.001360,326
32,backward,0.349999,0.006506,326
32,optimizer,0.019174,0.000185,326
